{
    "cards": [
        {
            "id": "4620070dd693473995e89f5277f0d2cb",
            "front": "CSS: What is specificity?",
            "back": "Rules for which styles apply when conflicts exist. (brief)",
            "reverse": false,
            "easiness_factor": 1.88,
            "interval": 258,
            "repetitions": 7,
            "review_date": "2025-12-13",
            "created_date": "2023-08-24"
        },
        {
            "id": "dd537146600146538dcdad422f9cde4f",
            "front": "C#: What is LINQ? (short)",
            "back": "Language Integrated Query.",
            "reverse": true,
            "easiness_factor": 2.0,
            "interval": 1,
            "repetitions": 0,
            "review_date": "2025-08-19",
            "created_date": "2024-06-12"
        },
        {
            "id": "fbfefa55fa09456cb38d860e81089cc6",
            "front": "Language Integrated Query.",
            "back": "C#: What is LINQ? (short)",
            "reverse": false,
            "easiness_factor": 2.0,
            "interval": 1,
            "repetitions": 0,
            "review_date": "2025-08-19",
            "created_date": "2024-06-12"
        },
        {
            "id": "54dec9514d3b4f58a16063f7d497afde",
            "front": "CSS: What is specificity? (short)",
            "back": "Rules for which styles apply when conflicts exist.",
            "reverse": false,
            "easiness_factor": 2.44,
            "interval": 90,
            "repetitions": 4,
            "review_date": "2025-11-04",
            "created_date": "2025-03-28"
        },
        {
            "id": "9a0d76005c4d4d5f87edd0e3fc9fa358",
            "front": "Git: Command to create a new branch?",
            "back": "git checkout -b <branch>",
            "reverse": false,
            "easiness_factor": 1.7,
            "interval": 49,
            "repetitions": 5,
            "review_date": "2025-10-30",
            "created_date": "2023-08-24"
        },
        {
            "id": "825ac46f994f4496b2cb9542b860f4b0",
            "front": "C#: Explain is LINQ?",
            "back": "Language Integrated Query.",
            "reverse": true,
            "easiness_factor": 2.43,
            "interval": 6,
            "repetitions": 1,
            "review_date": "2025-09-03",
            "created_date": "2025-06-06"
        },
        {
            "id": "c32d1a068ecb47cb9cbc306dfea1e053",
            "front": "Language Integrated Query.",
            "back": "C#: Explain is LINQ?",
            "reverse": false,
            "easiness_factor": 2.43,
            "interval": 6,
            "repetitions": 1,
            "review_date": "2025-09-03",
            "created_date": "2025-06-06"
        },
        {
            "id": "2692e1b32a7f4e44834906045b3a0c2d",
            "front": "Security: What is 2FA?",
            "back": "Two-Factor Authentication.",
            "reverse": false,
            "easiness_factor": 2.33,
            "interval": 417,
            "repetitions": 6,
            "review_date": "2026-10-06",
            "created_date": "2023-12-10"
        },
        {
            "id": "8ea547e5221e44449e072ba1b975d24b",
            "front": "Security: What is 2FA? (short)",
            "back": "Two-Factor Authentication.",
            "reverse": true,
            "easiness_factor": 1.6700000000000002,
            "interval": 14,
            "repetitions": 3,
            "review_date": "2025-08-29",
            "created_date": "2024-08-17"
        },
        {
            "id": "f1f23fb843574801a4e78541abb227ff",
            "front": "Two-Factor Authentication.",
            "back": "Security: What is 2FA? (short)",
            "reverse": false,
            "easiness_factor": 1.57,
            "interval": 14,
            "repetitions": 3,
            "review_date": "2025-08-29",
            "created_date": "2024-08-17"
        },
        {
            "id": "a05bb71ef5a84540ad86373e8fe0856c",
            "front": "HTML: Purpose of <meta> charset? (short)",
            "back": "Defines the character encoding.",
            "reverse": false,
            "easiness_factor": 2.03,
            "interval": 1,
            "repetitions": 0,
            "review_date": "2025-11-05",
            "created_date": "2025-04-18"
        },
        {
            "id": "a2748729d1da4f6eaaa5d6a33480a3e9",
            "front": "Math: Derivative of sin(x)?",
            "back": "cos(x)",
            "reverse": false,
            "easiness_factor": 1.85,
            "interval": 20,
            "repetitions": 3,
            "review_date": "2025-09-04",
            "created_date": "2024-11-06"
        },
        {
            "id": "29249878f34b4b29ab9dbe2f5bb58329",
            "front": "Go: Explain is a goroutine?",
            "back": "Lightweight thread managed by Go runtime.",
            "reverse": true,
            "easiness_factor": 1.95,
            "interval": 12,
            "repetitions": 2,
            "review_date": "2025-09-09",
            "created_date": "2025-02-22"
        },
        {
            "id": "4cbc332a15624b7f847cbc1c03b5482b",
            "front": "Lightweight thread managed by Go runtime.",
            "back": "Go: Explain is a goroutine?",
            "reverse": false,
            "easiness_factor": 1.95,
            "interval": 12,
            "repetitions": 2,
            "review_date": "2025-09-09",
            "created_date": "2025-02-22"
        },
        {
            "id": "80a5b8cfe2fc415ebffbcc529815b3ff",
            "front": "SQL: Difference between INNER JOIN and LEFT JOIN? (short)",
            "back": "LEFT includes unmatched left rows; INNER only matches.",
            "reverse": true,
            "easiness_factor": 2.79,
            "interval": 1,
            "repetitions": 0,
            "review_date": "2025-10-13",
            "created_date": "2025-07-27"
        },
        {
            "id": "53cee4d7f38e4ad28653956070a9faf9",
            "front": "LEFT includes unmatched left rows; INNER only matches.",
            "back": "SQL: Difference between INNER JOIN and LEFT JOIN? (short)",
            "reverse": false,
            "easiness_factor": 2.79,
            "interval": 1,
            "repetitions": 0,
            "review_date": "2025-10-13",
            "created_date": "2025-07-27"
        },
        {
            "id": "2f29356cab504e8f980ce56a7b95f439",
            "front": "History: Year of the moon landing?",
            "back": "1969 (brief)",
            "reverse": false,
            "easiness_factor": 1.9,
            "interval": 40,
            "repetitions": 4,
            "review_date": "2025-10-18",
            "created_date": "2025-05-31"
        },
        {
            "id": "ebe1cd178f354c4e8c0c64e85f4f1a74",
            "front": "Python: Explain does list comprehension do?",
            "back": "Creates a list from an iterable with optional filtering.",
            "reverse": false,
            "easiness_factor": 2.75,
            "interval": 121,
            "repetitions": 4,
            "review_date": "2025-09-24",
            "created_date": "2023-12-20"
        },
        {
            "id": "02011b7f58f24c139787adc1c8c460d0",
            "front": "JS: Explain is 'use strict'?",
            "back": "Enables strict mode for safer JavaScript.",
            "reverse": false,
            "easiness_factor": 1.58,
            "interval": 1,
            "repetitions": 0,
            "review_date": "2025-08-16",
            "created_date": "2025-01-10"
        },
        {
            "id": "08009cdddb1340cd9ea6c85d8fb9dd29",
            "front": "C#: What is LINQ? (short)",
            "back": "Language Integrated Query.",
            "reverse": false,
            "easiness_factor": 1.75,
            "interval": 1,
            "repetitions": 0,
            "review_date": "2025-08-16",
            "created_date": "2025-06-26"
        },
        {
            "id": "b8cb29051747461fba5e59ca4c628e2e",
            "front": "Security: What is 2FA?",
            "back": "Two-Factor Authentication.",
            "reverse": false,
            "easiness_factor": 1.83,
            "interval": 11,
            "repetitions": 2,
            "review_date": "2025-10-16",
            "created_date": "2024-06-28"
        },
        {
            "id": "5535d60e9eff4b8991ba8743d2365fd6",
            "front": "HTTP: What is status 404?",
            "back": "Not Found",
            "reverse": false,
            "easiness_factor": 1.79,
            "interval": 206,
            "repetitions": 7,
            "review_date": "2025-11-10",
            "created_date": "2024-11-17"
        },
        {
            "id": "efa707cba2fe497abeee4585aedd0bda",
            "front": "JS: What is 'use strict'? (short)",
            "back": "Enables strict mode for safer JavaScript.",
            "reverse": true,
            "easiness_factor": 2.26,
            "interval": 368,
            "repetitions": 6,
            "review_date": "2025-08-11",
            "created_date": "2024-04-04"
        },
        {
            "id": "c3afe432b50f40f68be8037efda5e085",
            "front": "Enables strict mode for safer JavaScript.",
            "back": "JS: What is 'use strict'? (short)",
            "reverse": false,
            "easiness_factor": 2.26,
            "interval": 368,
            "repetitions": 6,
            "review_date": "2025-08-11",
            "created_date": "2024-04-04"
        },
        {
            "id": "4cb1372d20b64e29bebfd84b00206f79",
            "front": "C#: What is LINQ?",
            "back": "Language Integrated Query. (brief)",
            "reverse": false,
            "easiness_factor": 2.76,
            "interval": 17,
            "repetitions": 2,
            "review_date": "2025-08-13",
            "created_date": "2025-01-04"
        },
        {
            "id": "64d3170480b646058f0029fbcc393a10",
            "front": "HTML: Purpose of <meta> charset? (short)",
            "back": "Defines the character encoding.",
            "reverse": false,
            "easiness_factor": 2.28,
            "interval": 862,
            "repetitions": 7,
            "review_date": "2025-11-08",
            "created_date": "2024-01-02"
        },
        {
            "id": "f555d9ecc56f4b32ad3353d72fc61176",
            "front": "CSS: What is specificity?",
            "back": "Rules for which styles apply when conflicts exist. (brief)",
            "reverse": true,
            "easiness_factor": 2.75,
            "interval": 333,
            "repetitions": 5,
            "review_date": "2025-11-05",
            "created_date": "2025-02-23"
        },
        {
            "id": "b2c7c0f5b1314c0ea6c8e89f538681f5",
            "front": "Rules for which styles apply when conflicts exist. (brief)",
            "back": "CSS: What is specificity?",
            "reverse": false,
            "easiness_factor": 2.75,
            "interval": 333,
            "repetitions": 5,
            "review_date": "2025-11-05",
            "created_date": "2025-02-23"
        },
        {
            "id": "cd25f0020a8947fea83d8f12c7bfe3d9",
            "front": "Math: Integral of 1/x? (short)",
            "back": "ln|x| + C",
            "reverse": true,
            "easiness_factor": 2.48,
            "interval": 1095,
            "repetitions": 7,
            "review_date": "2025-10-05",
            "created_date": "2024-10-09"
        },
        {
            "id": "96990b81ff874437983efc7febbec677",
            "front": "ln|x| + C",
            "back": "Math: Integral of 1/x? (short)",
            "reverse": false,
            "easiness_factor": 2.48,
            "interval": 1095,
            "repetitions": 7,
            "review_date": "2025-10-05",
            "created_date": "2024-10-09"
        },
        {
            "id": "74d121dd2a4c4497857b0241d55efe0c",
            "front": "Python: What is a dict?",
            "back": "Hash map of key-value pairs. (brief)",
            "reverse": false,
            "easiness_factor": 2.18,
            "interval": 28,
            "repetitions": 3,
            "review_date": "2025-11-10",
            "created_date": "2025-01-31"
        },
        {
            "id": "392a31adb85d4db9a42fb9ea7fce3efc",
            "front": "C#: Explain is LINQ?",
            "back": "Language Integrated Query.",
            "reverse": false,
            "easiness_factor": 2.16,
            "interval": 13,
            "repetitions": 2,
            "review_date": "2025-11-03",
            "created_date": "2024-02-13"
        },
        {
            "id": "34ec186c0798476c88a8d406d7e505ef",
            "front": "HTML: Purpose of <meta> charset?",
            "back": "Defines the character encoding. (brief)",
            "reverse": true,
            "easiness_factor": 2.78,
            "interval": 6,
            "repetitions": 1,
            "review_date": "2025-09-10",
            "created_date": "2024-04-24"
        },
        {
            "id": "b21e343c61824c608b60b25f33b3674b",
            "front": "Defines the character encoding. (brief)",
            "back": "HTML: Purpose of <meta> charset?",
            "reverse": false,
            "easiness_factor": 2.78,
            "interval": 6,
            "repetitions": 1,
            "review_date": "2025-09-10",
            "created_date": "2024-04-24"
        },
        {
            "id": "f30160e66a204af682664063dc1355e4",
            "front": "Vocab: Define 'ephemeral'",
            "back": "Lasting a very short time",
            "reverse": true,
            "easiness_factor": 2.37,
            "interval": 1,
            "repetitions": 0,
            "review_date": "2025-06-23",
            "created_date": "2025-07-31"
        },
        {
            "id": "37fffa3461d84733afc7cbc941f114a7",
            "front": "Lasting a very short time",
            "back": "Vocab: Define 'ephemeral'",
            "reverse": false,
            "easiness_factor": 2.37,
            "interval": 1,
            "repetitions": 0,
            "review_date": "2025-06-23",
            "created_date": "2025-07-31"
        },
        {
            "id": "84cb46ee86054011b588349a9eb1e33d",
            "front": "SQL: Difference between INNER JOIN and LEFT JOIN?",
            "back": "LEFT includes unmatched left rows; INNER only matches. (brief)",
            "reverse": false,
            "easiness_factor": 1.77,
            "interval": 11,
            "repetitions": 2,
            "review_date": "2025-06-22",
            "created_date": "2025-05-06"
        },
        {
            "id": "a8ec6d1557ff46ffba86b9e0f1f4b348",
            "front": "DevOps: Explain is CI/CD?",
            "back": "Continuous Integration / Continuous Deployment.",
            "reverse": false,
            "easiness_factor": 2.02,
            "interval": 1,
            "repetitions": 0,
            "review_date": "2025-10-03",
            "created_date": "2025-04-12"
        },
        {
            "id": "07a91779de4744d792c887068fa1c910",
            "front": "Git: Command to create a new branch?",
            "back": "git checkout -b <branch>",
            "reverse": true,
            "easiness_factor": 1.85,
            "interval": 20,
            "repetitions": 3,
            "review_date": "2025-11-02",
            "created_date": "2024-08-25"
        },
        {
            "id": "c00d40d9f89e46498904832459563410",
            "front": "git checkout -b <branch>",
            "back": "Git: Command to create a new branch?",
            "reverse": false,
            "easiness_factor": 1.85,
            "interval": 20,
            "repetitions": 3,
            "review_date": "2025-11-02",
            "created_date": "2024-08-25"
        },
        {
            "id": "90a1965e896d4121991c916391306d23",
            "front": "Rust: Ownership model purpose?",
            "back": "Memory safety without GC. (brief)",
            "reverse": false,
            "easiness_factor": 2.48,
            "interval": 1,
            "repetitions": 0,
            "review_date": "2025-07-06",
            "created_date": "2024-09-02"
        },
        {
            "id": "616f75e0f0a9414fab6d0af1d4e5decf",
            "front": "Git: Command to create a new branch? (short)",
            "back": "git checkout -b <branch>",
            "reverse": true,
            "easiness_factor": 1.67,
            "interval": 1,
            "repetitions": 0,
            "review_date": "2025-10-20",
            "created_date": "2024-12-09"
        },
        {
            "id": "49d8b5aa61d14e84b0de7ca153cd57a2",
            "front": "git checkout -b <branch>",
            "back": "Git: Command to create a new branch? (short)",
            "reverse": false,
            "easiness_factor": 1.67,
            "interval": 1,
            "repetitions": 0,
            "review_date": "2025-10-20",
            "created_date": "2024-12-09"
        },
        {
            "id": "279153005b9a4a3fa33c0709cde66da7",
            "front": "Geography: Capital of Canada?",
            "back": "Ottawa (brief)",
            "reverse": true,
            "easiness_factor": 2.39,
            "interval": 6,
            "repetitions": 1,
            "review_date": "2025-12-08",
            "created_date": "2024-10-02"
        },
        {
            "id": "3fb95e34574f47fda7baf8c490f1a78c",
            "front": "Ottawa (brief)",
            "back": "Geography: Capital of Canada?",
            "reverse": false,
            "easiness_factor": 2.39,
            "interval": 6,
            "repetitions": 1,
            "review_date": "2025-12-08",
            "created_date": "2024-10-02"
        },
        {
            "id": "b77cfb6f903041d285242a1f8295295a",
            "front": "Math: Derivative of sin(x)?",
            "back": "cos(x) (brief)",
            "reverse": true,
            "easiness_factor": 2.78,
            "interval": 6,
            "repetitions": 1,
            "review_date": "2025-07-24",
            "created_date": "2024-01-08"
        },
        {
            "id": "f2977ff3f8e04e20bffd240ac3d0184c",
            "front": "cos(x) (brief)",
            "back": "Math: Derivative of sin(x)?",
            "reverse": false,
            "easiness_factor": 2.78,
            "interval": 6,
            "repetitions": 1,
            "review_date": "2025-07-24",
            "created_date": "2024-01-08"
        },
        {
            "id": "b3d7b2cf1c514ac9abaa8505b7dc2262",
            "front": "Geography: Capital of Canada?",
            "back": "Ottawa",
            "reverse": false,
            "easiness_factor": 2.0,
            "interval": 24,
            "repetitions": 3,
            "review_date": "2025-11-17",
            "created_date": "2024-02-27"
        },
        {
            "id": "61ff215a673c4575827bc00dd59bd192",
            "front": "Linux: Make a file executable?",
            "back": "chmod +x filename",
            "reverse": true,
            "easiness_factor": 1.91,
            "interval": 21,
            "repetitions": 3,
            "review_date": "2025-09-28",
            "created_date": "2024-10-31"
        },
        {
            "id": "eb4eb5cff8db461d89210b2a8951d1e5",
            "front": "chmod +x filename",
            "back": "Linux: Make a file executable?",
            "reverse": false,
            "easiness_factor": 1.91,
            "interval": 21,
            "repetitions": 3,
            "review_date": "2025-09-28",
            "created_date": "2024-10-31"
        },
        {
            "id": "965d49e263f042e691be3ba375a34c7c",
            "front": "HTTP: Explain is status 404?",
            "back": "Not Found",
            "reverse": true,
            "easiness_factor": 2.51,
            "interval": 95,
            "repetitions": 4,
            "review_date": "2025-11-03",
            "created_date": "2024-06-04"
        },
        {
            "id": "b085cf610f324f5180a9ee2018f24ad5",
            "front": "Not Found",
            "back": "HTTP: Explain is status 404?",
            "reverse": false,
            "easiness_factor": 2.51,
            "interval": 95,
            "repetitions": 4,
            "review_date": "2025-11-03",
            "created_date": "2024-06-04"
        },
        {
            "id": "c3a691d891a542239ea44b89411c55ae",
            "front": "Vocab: Define 'ephemeral'",
            "back": "Lasting a very short time (brief)",
            "reverse": false,
            "easiness_factor": 1.88,
            "interval": 73,
            "repetitions": 5,
            "review_date": "2025-10-20",
            "created_date": "2024-12-10"
        },
        {
            "id": "12f21511119741ecb7dc777e555fae0e",
            "front": "History: Year of the moon landing?",
            "back": "1969",
            "reverse": true,
            "easiness_factor": 1.94,
            "interval": 23,
            "repetitions": 3,
            "review_date": "2025-10-04",
            "created_date": "2025-05-29"
        },
        {
            "id": "e74912cea00f48f0b1e3ae4c82e7827c",
            "front": "1969",
            "back": "History: Year of the moon landing?",
            "reverse": false,
            "easiness_factor": 1.94,
            "interval": 23,
            "repetitions": 3,
            "review_date": "2025-10-04",
            "created_date": "2025-05-29"
        },
        {
            "id": "34f55589b08942f5a90105fcf739af85",
            "front": "HTTP: What is status 404?",
            "back": "Not Found (brief)",
            "reverse": true,
            "easiness_factor": 1.89,
            "interval": 1,
            "repetitions": 0,
            "review_date": "2025-09-10",
            "created_date": "2024-10-24"
        },
        {
            "id": "8af9204fdc8b43049216d320525ec1e4",
            "front": "Not Found (brief)",
            "back": "HTTP: What is status 404?",
            "reverse": false,
            "easiness_factor": 1.89,
            "interval": 1,
            "repetitions": 0,
            "review_date": "2025-09-10",
            "created_date": "2024-10-24"
        },
        {
            "id": "d2db0fa5204b4f029552dc21b539c3c9",
            "front": "DevOps: What is CI/CD? (short)",
            "back": "Continuous Integration / Continuous Deployment.",
            "reverse": true,
            "easiness_factor": 1.85,
            "interval": 6,
            "repetitions": 1,
            "review_date": "2025-09-07",
            "created_date": "2024-07-19"
        },
        {
            "id": "b2c009d72f7d4dadb08c9f6290c97117",
            "front": "Continuous Integration / Continuous Deployment.",
            "back": "DevOps: What is CI/CD? (short)",
            "reverse": false,
            "easiness_factor": 1.85,
            "interval": 6,
            "repetitions": 1,
            "review_date": "2025-09-07",
            "created_date": "2024-07-19"
        },
        {
            "id": "6fc677e7af74407397d9b5773b1258e0",
            "front": "Rust: Ownership model purpose?",
            "back": "Memory safety without GC.",
            "reverse": false,
            "easiness_factor": 2.48,
            "interval": 1095,
            "repetitions": 7,
            "review_date": "2025-11-23",
            "created_date": "2023-10-16"
        },
        {
            "id": "37ca8450f142456d838ce8200f79e7db",
            "front": "History: Year of the moon landing?",
            "back": "1969",
            "reverse": true,
            "easiness_factor": 1.98,
            "interval": 24,
            "repetitions": 3,
            "review_date": "2025-09-20",
            "created_date": "2024-05-26"
        },
        {
            "id": "6ff33efaf2e64e8c8dba60a4eaadbb29",
            "front": "1969",
            "back": "History: Year of the moon landing?",
            "reverse": false,
            "easiness_factor": 1.98,
            "interval": 24,
            "repetitions": 3,
            "review_date": "2025-09-20",
            "created_date": "2024-05-26"
        },
        {
            "id": "f7f611140d574a16a5142b4b3bd83571",
            "front": "History: Year of the moon landing?",
            "back": "1969",
            "reverse": true,
            "easiness_factor": 2.34,
            "interval": 985,
            "repetitions": 7,
            "review_date": "2025-06-19",
            "created_date": "2024-09-26"
        },
        {
            "id": "98b74344b3144591ac2abc598378439c",
            "front": "1969",
            "back": "History: Year of the moon landing?",
            "reverse": false,
            "easiness_factor": 2.34,
            "interval": 985,
            "repetitions": 7,
            "review_date": "2025-06-19",
            "created_date": "2024-09-26"
        },
        {
            "id": "70ef5a05c52f4af187ae315dc34baae8",
            "front": "Git: Command to create a new branch?",
            "back": "git checkout -b <branch>",
            "reverse": true,
            "easiness_factor": 2.03,
            "interval": 49,
            "repetitions": 4,
            "review_date": "2025-08-21",
            "created_date": "2023-11-30"
        },
        {
            "id": "c3b27e7641b94dbcb6e74000912af8c8",
            "front": "git checkout -b <branch>",
            "back": "Git: Command to create a new branch?",
            "reverse": false,
            "easiness_factor": 2.03,
            "interval": 49,
            "repetitions": 4,
            "review_date": "2025-08-21",
            "created_date": "2023-11-30"
        },
        {
            "id": "be490607516c45a9a7d17f9d66ee7f22",
            "front": "Geography: Capital of Canada?",
            "back": "Ottawa (brief)",
            "reverse": false,
            "easiness_factor": 2.48,
            "interval": 565,
            "repetitions": 6,
            "review_date": "2025-08-03",
            "created_date": "2025-01-09"
        },
        {
            "id": "e36f9ce90703469b96887ada92415cb5",
            "front": "Math: Derivative of sin(x)? (short)",
            "back": "cos(x)",
            "reverse": false,
            "easiness_factor": 1.75,
            "interval": 32,
            "repetitions": 4,
            "review_date": "2025-09-21",
            "created_date": "2023-11-06"
        },
        {
            "id": "466825238c9c4416bb6dd501ac5db120",
            "front": "HTTP: What is status 404?",
            "back": "Not Found (brief)",
            "reverse": false,
            "easiness_factor": 2.15,
            "interval": 13,
            "repetitions": 2,
            "review_date": "2025-11-12",
            "created_date": "2025-04-09"
        },
        {
            "id": "981faa836f984392a82d24cf61621644",
            "front": "HTML: Purpose of <meta> charset?",
            "back": "Defines the character encoding. (brief)",
            "reverse": false,
            "easiness_factor": 1.81,
            "interval": 1,
            "repetitions": 0,
            "review_date": "2025-09-24",
            "created_date": "2024-05-26"
        },
        {
            "id": "4062a3269443420caf9a3082fccea49f",
            "front": "Math: Integral of 1/x?",
            "back": "ln|x| + C (brief)",
            "reverse": true,
            "easiness_factor": 2.63,
            "interval": 16,
            "repetitions": 2,
            "review_date": "2025-09-07",
            "created_date": "2024-12-14"
        },
        {
            "id": "9ee44985b14d4744991f6da69503f73a",
            "front": "ln|x| + C (brief)",
            "back": "Math: Integral of 1/x?",
            "reverse": false,
            "easiness_factor": 2.63,
            "interval": 16,
            "repetitions": 2,
            "review_date": "2025-09-07",
            "created_date": "2024-12-14"
        },
        {
            "id": "98e60ebec8474c65b91baaa10736ea33",
            "front": "Networking: Explain is DNS?",
            "back": "Domain Name System, resolves names to IPs.",
            "reverse": false,
            "easiness_factor": 2.12,
            "interval": 28,
            "repetitions": 3,
            "review_date": "2025-11-29",
            "created_date": "2024-06-25"
        },
        {
            "id": "60b2691a8ff240ac8718941278afbfa2",
            "front": "HTML: Purpose of <meta> charset?",
            "back": "Defines the character encoding.",
            "reverse": false,
            "easiness_factor": 1.54,
            "interval": 6,
            "repetitions": 1,
            "review_date": "2025-07-19",
            "created_date": "2024-04-19"
        },
        {
            "id": "6df919f87b0e4436967ac52cbb2c0824",
            "front": "Math: Derivative of sin(x)?",
            "back": "cos(x)",
            "reverse": true,
            "easiness_factor": 1.66,
            "interval": 1,
            "repetitions": 0,
            "review_date": "2025-06-29",
            "created_date": "2024-05-21"
        },
        {
            "id": "8b0df58077cf4a3f8bb2682fff20554d",
            "front": "cos(x)",
            "back": "Math: Derivative of sin(x)?",
            "reverse": false,
            "easiness_factor": 1.66,
            "interval": 1,
            "repetitions": 0,
            "review_date": "2025-06-29",
            "created_date": "2024-05-21"
        },
        {
            "id": "613a1554411c43c39968bd9ccb17e4af",
            "front": "HTTP: What is status 404? (short)",
            "back": "Not Found",
            "reverse": false,
            "easiness_factor": 2.19,
            "interval": 28,
            "repetitions": 3,
            "review_date": "2025-09-20",
            "created_date": "2023-10-23"
        },
        {
            "id": "74659521369c4f27aebea69cf4ae043d",
            "front": "CSS: What is specificity? (short)",
            "back": "Rules for which styles apply when conflicts exist.",
            "reverse": false,
            "easiness_factor": 2.34,
            "interval": 1,
            "repetitions": 0,
            "review_date": "2025-10-31",
            "created_date": "2023-08-20"
        },
        {
            "id": "2f9979fe348348c79e967b9b42c8d2da",
            "front": "Geography: Capital of Canada?",
            "back": "Ottawa",
            "reverse": false,
            "easiness_factor": 2.3,
            "interval": 6,
            "repetitions": 1,
            "review_date": "2025-08-09",
            "created_date": "2024-04-09"
        },
        {
            "id": "1393d7bb12934f5982d615312e823daa",
            "front": "CSS: What is specificity?",
            "back": "Rules for which styles apply when conflicts exist.",
            "reverse": true,
            "easiness_factor": 2.08,
            "interval": 12,
            "repetitions": 2,
            "review_date": "2025-09-17",
            "created_date": "2024-03-29"
        },
        {
            "id": "6aaf517195984e29a3b35e81ddc24c40",
            "front": "Rules for which styles apply when conflicts exist.",
            "back": "CSS: What is specificity?",
            "reverse": false,
            "easiness_factor": 2.08,
            "interval": 12,
            "repetitions": 2,
            "review_date": "2025-09-17",
            "created_date": "2024-03-29"
        },
        {
            "id": "c231f7c9895b4c9390dc9ed7fa55713d",
            "front": "Math: Integral of 1/x?",
            "back": "ln|x| + C",
            "reverse": false,
            "easiness_factor": 1.95,
            "interval": 88,
            "repetitions": 5,
            "review_date": "2025-09-21",
            "created_date": "2025-03-16"
        },
        {
            "id": "351f7e24905b496dad512674920d45d8",
            "front": "SQL: Difference between INNER JOIN and LEFT JOIN?",
            "back": "LEFT includes unmatched left rows; INNER only matches.",
            "reverse": true,
            "easiness_factor": 1.64,
            "interval": 10,
            "repetitions": 2,
            "review_date": "2025-07-22",
            "created_date": "2024-04-30"
        },
        {
            "id": "7817a50c79c14799808378ce7541369a",
            "front": "LEFT includes unmatched left rows; INNER only matches.",
            "back": "SQL: Difference between INNER JOIN and LEFT JOIN?",
            "reverse": false,
            "easiness_factor": 1.64,
            "interval": 10,
            "repetitions": 2,
            "review_date": "2025-07-22",
            "created_date": "2024-04-30"
        },
        {
            "id": "0c8bb7f51af140789662f459a688f7af",
            "front": "Math: Derivative of sin(x)?",
            "back": "cos(x) (brief)",
            "reverse": true,
            "easiness_factor": 1.85,
            "interval": 126,
            "repetitions": 6,
            "review_date": "2025-07-13",
            "created_date": "2023-12-17"
        },
        {
            "id": "0edf6a56731a4d798e661a5189a687cb",
            "front": "cos(x) (brief)",
            "back": "Math: Derivative of sin(x)?",
            "reverse": false,
            "easiness_factor": 1.85,
            "interval": 126,
            "repetitions": 6,
            "review_date": "2025-07-13",
            "created_date": "2023-12-17"
        },
        {
            "id": "8d05e67ffcff46c8b7eaa1257c2bc25e",
            "front": "SQL: Difference between INNER JOIN and LEFT JOIN?",
            "back": "LEFT includes unmatched left rows; INNER only matches.",
            "reverse": false,
            "easiness_factor": 2.34,
            "interval": 14,
            "repetitions": 2,
            "review_date": "2025-11-18",
            "created_date": "2024-10-09"
        },
        {
            "id": "7ccbb03830ad4de793b9736e56938107",
            "front": "Vocab: Define 'ephemeral'",
            "back": "Lasting a very short time",
            "reverse": false,
            "easiness_factor": 2.32,
            "interval": 14,
            "repetitions": 2,
            "review_date": "2025-09-07",
            "created_date": "2025-05-01"
        },
        {
            "id": "f440bc4efc8242e790aa0dfad0c6ede4",
            "front": "C#: What is LINQ? (short)",
            "back": "Language Integrated Query.",
            "reverse": false,
            "easiness_factor": 1.57,
            "interval": 55,
            "repetitions": 6,
            "review_date": "2025-07-09",
            "created_date": "2024-04-04"
        },
        {
            "id": "046a0572774b49a5aec0fa5935de342d",
            "front": "C#: What is LINQ?",
            "back": "Language Integrated Query. (brief)",
            "reverse": true,
            "easiness_factor": 2.44,
            "interval": 537,
            "repetitions": 6,
            "review_date": "2025-12-03",
            "created_date": "2023-12-20"
        },
        {
            "id": "38d847fa30df4c0db5ea114a3de79686",
            "front": "Language Integrated Query. (brief)",
            "back": "C#: What is LINQ?",
            "reverse": false,
            "easiness_factor": 2.44,
            "interval": 537,
            "repetitions": 6,
            "review_date": "2025-12-03",
            "created_date": "2023-12-20"
        },
        {
            "id": "9b62e7fd5f4c495baba352c1e3150d2f",
            "front": "Linux: Make a file executable?",
            "back": "chmod +x filename",
            "reverse": false,
            "easiness_factor": 2.61,
            "interval": 110,
            "repetitions": 4,
            "review_date": "2025-12-06",
            "created_date": "2024-01-08"
        },
        {
            "id": "e3b09514492147d28eebd5e2a3ea5f2d",
            "front": "Math: Derivative of sin(x)? (short)",
            "back": "cos(x)",
            "reverse": false,
            "easiness_factor": 1.64,
            "interval": 43,
            "repetitions": 5,
            "review_date": "2025-06-30",
            "created_date": "2024-07-21"
        },
        {
            "id": "12e3d7dd3e7542c9a3e6998bb7cafcac",
            "front": "HTML: Purpose of <meta> charset?",
            "back": "Defines the character encoding. (brief)",
            "reverse": false,
            "easiness_factor": 1.84,
            "interval": 37,
            "repetitions": 4,
            "review_date": "2025-11-07",
            "created_date": "2024-12-14"
        },
        {
            "id": "7d14c0c1a3a143bc96308bb66b865e09",
            "front": "CSS: What is specificity?",
            "back": "Rules for which styles apply when conflicts exist. (brief)",
            "reverse": false,
            "easiness_factor": 1.79,
            "interval": 64,
            "repetitions": 5,
            "review_date": "2025-08-14",
            "created_date": "2024-09-10"
        },
        {
            "id": "e2ff7b5a076e4cfa8ccfdf4b677e0d11",
            "front": "Vocab: Define 'ephemeral'",
            "back": "Lasting a very short time (brief)",
            "reverse": true,
            "easiness_factor": 2.31,
            "interval": 395,
            "repetitions": 6,
            "review_date": "2025-10-29",
            "created_date": "2025-01-18"
        },
        {
            "id": "f17aaf6ceff643078e13d3ee07616e07",
            "front": "Lasting a very short time (brief)",
            "back": "Vocab: Define 'ephemeral'",
            "reverse": false,
            "easiness_factor": 2.31,
            "interval": 395,
            "repetitions": 6,
            "review_date": "2025-10-29",
            "created_date": "2025-01-18"
        },
        {
            "id": "3aa5c470c15d4f9f81d600ae030b4426",
            "front": "DevOps: Explain is CI/CD?",
            "back": "Continuous Integration / Continuous Deployment.",
            "reverse": false,
            "easiness_factor": 2.07,
            "interval": 12,
            "repetitions": 2,
            "review_date": "2025-08-05",
            "created_date": "2025-06-23"
        },
        {
            "id": "5a51508a36a74a5faf10d5fc67b8d1f9",
            "front": "SQL: Difference between INNER JOIN and LEFT JOIN?",
            "back": "LEFT includes unmatched left rows; INNER only matches.",
            "reverse": true,
            "easiness_factor": 1.84,
            "interval": 1,
            "repetitions": 0,
            "review_date": "2025-09-16",
            "created_date": "2023-08-17"
        },
        {
            "id": "938a25fe6cef49af8da286e0cd544c86",
            "front": "LEFT includes unmatched left rows; INNER only matches.",
            "back": "SQL: Difference between INNER JOIN and LEFT JOIN?",
            "reverse": false,
            "easiness_factor": 1.84,
            "interval": 1,
            "repetitions": 0,
            "review_date": "2025-09-16",
            "created_date": "2023-08-17"
        }
    ]
}